"request_index","http_code","ratelimit_remaining","headers_file","body_file"
"1","200","59","docs/samples/p3-rate-limit-1.headers.txt","docs/samples/p3-rate-limit-1.json"
"2","200","58","docs/samples/p3-rate-limit-2.headers.txt","docs/samples/p3-rate-limit-2.json"
"3","200","57","docs/samples/p3-rate-limit-3.headers.txt","docs/samples/p3-rate-limit-3.json"
"4","200","56","docs/samples/p3-rate-limit-4.headers.txt","docs/samples/p3-rate-limit-4.json"
"5","200","55","docs/samples/p3-rate-limit-5.headers.txt","docs/samples/p3-rate-limit-5.json"
"6","200","54","docs/samples/p3-rate-limit-6.headers.txt","docs/samples/p3-rate-limit-6.json"
"7","200","53","docs/samples/p3-rate-limit-7.headers.txt","docs/samples/p3-rate-limit-7.json"
"8","200","52","docs/samples/p3-rate-limit-8.headers.txt","docs/samples/p3-rate-limit-8.json"
"9","200","51","docs/samples/p3-rate-limit-9.headers.txt","docs/samples/p3-rate-limit-9.json"
"10","200","50","docs/samples/p3-rate-limit-10.headers.txt","docs/samples/p3-rate-limit-10.json"
"11","200","49","docs/samples/p3-rate-limit-11.headers.txt","docs/samples/p3-rate-limit-11.json"
"12","200","48","docs/samples/p3-rate-limit-12.headers.txt","docs/samples/p3-rate-limit-12.json"
"13","200","47","docs/samples/p3-rate-limit-13.headers.txt","docs/samples/p3-rate-limit-13.json"
"14","200","46","docs/samples/p3-rate-limit-14.headers.txt","docs/samples/p3-rate-limit-14.json"
"15","200","45","docs/samples/p3-rate-limit-15.headers.txt","docs/samples/p3-rate-limit-15.json"
"16","200","44","docs/samples/p3-rate-limit-16.headers.txt","docs/samples/p3-rate-limit-16.json"
"17","200","43","docs/samples/p3-rate-limit-17.headers.txt","docs/samples/p3-rate-limit-17.json"
"18","200","42","docs/samples/p3-rate-limit-18.headers.txt","docs/samples/p3-rate-limit-18.json"
"19","200","41","docs/samples/p3-rate-limit-19.headers.txt","docs/samples/p3-rate-limit-19.json"
"20","200","40","docs/samples/p3-rate-limit-20.headers.txt","docs/samples/p3-rate-limit-20.json"
"21","200","39","docs/samples/p3-rate-limit-21.headers.txt","docs/samples/p3-rate-limit-21.json"
"22","200","38","docs/samples/p3-rate-limit-22.headers.txt","docs/samples/p3-rate-limit-22.json"
"23","200","37","docs/samples/p3-rate-limit-23.headers.txt","docs/samples/p3-rate-limit-23.json"
"24","200","36","docs/samples/p3-rate-limit-24.headers.txt","docs/samples/p3-rate-limit-24.json"
"25","200","35","docs/samples/p3-rate-limit-25.headers.txt","docs/samples/p3-rate-limit-25.json"
"26","200","34","docs/samples/p3-rate-limit-26.headers.txt","docs/samples/p3-rate-limit-26.json"
"27","200","33","docs/samples/p3-rate-limit-27.headers.txt","docs/samples/p3-rate-limit-27.json"
"28","200","32","docs/samples/p3-rate-limit-28.headers.txt","docs/samples/p3-rate-limit-28.json"
"29","200","31","docs/samples/p3-rate-limit-29.headers.txt","docs/samples/p3-rate-limit-29.json"
"30","200","30","docs/samples/p3-rate-limit-30.headers.txt","docs/samples/p3-rate-limit-30.json"
"31","200","29","docs/samples/p3-rate-limit-31.headers.txt","docs/samples/p3-rate-limit-31.json"
"32","200","28","docs/samples/p3-rate-limit-32.headers.txt","docs/samples/p3-rate-limit-32.json"
"33","200","27","docs/samples/p3-rate-limit-33.headers.txt","docs/samples/p3-rate-limit-33.json"
"34","200","26","docs/samples/p3-rate-limit-34.headers.txt","docs/samples/p3-rate-limit-34.json"
"35","200","25","docs/samples/p3-rate-limit-35.headers.txt","docs/samples/p3-rate-limit-35.json"
"36","200","24","docs/samples/p3-rate-limit-36.headers.txt","docs/samples/p3-rate-limit-36.json"
"37","200","23","docs/samples/p3-rate-limit-37.headers.txt","docs/samples/p3-rate-limit-37.json"
"38","200","22","docs/samples/p3-rate-limit-38.headers.txt","docs/samples/p3-rate-limit-38.json"
"39","200","21","docs/samples/p3-rate-limit-39.headers.txt","docs/samples/p3-rate-limit-39.json"
"40","200","20","docs/samples/p3-rate-limit-40.headers.txt","docs/samples/p3-rate-limit-40.json"
"41","200","19","docs/samples/p3-rate-limit-41.headers.txt","docs/samples/p3-rate-limit-41.json"
"42","200","18","docs/samples/p3-rate-limit-42.headers.txt","docs/samples/p3-rate-limit-42.json"
"43","200","17","docs/samples/p3-rate-limit-43.headers.txt","docs/samples/p3-rate-limit-43.json"
"44","200","16","docs/samples/p3-rate-limit-44.headers.txt","docs/samples/p3-rate-limit-44.json"
"45","200","15","docs/samples/p3-rate-limit-45.headers.txt","docs/samples/p3-rate-limit-45.json"
"46","200","14","docs/samples/p3-rate-limit-46.headers.txt","docs/samples/p3-rate-limit-46.json"
"47","200","13","docs/samples/p3-rate-limit-47.headers.txt","docs/samples/p3-rate-limit-47.json"
"48","200","13","docs/samples/p3-rate-limit-48.headers.txt","docs/samples/p3-rate-limit-48.json"
"49","200","13","docs/samples/p3-rate-limit-49.headers.txt","docs/samples/p3-rate-limit-49.json"
"50","200","13","docs/samples/p3-rate-limit-50.headers.txt","docs/samples/p3-rate-limit-50.json"
"51","200","17","docs/samples/p3-rate-limit-51.headers.txt","docs/samples/p3-rate-limit-51.json"
"52","200","16","docs/samples/p3-rate-limit-52.headers.txt","docs/samples/p3-rate-limit-52.json"
"53","200","16","docs/samples/p3-rate-limit-53.headers.txt","docs/samples/p3-rate-limit-53.json"
"54","200","16","docs/samples/p3-rate-limit-54.headers.txt","docs/samples/p3-rate-limit-54.json"
"55","200","16","docs/samples/p3-rate-limit-55.headers.txt","docs/samples/p3-rate-limit-55.json"
"56","200","15","docs/samples/p3-rate-limit-56.headers.txt","docs/samples/p3-rate-limit-56.json"
"57","200","15","docs/samples/p3-rate-limit-57.headers.txt","docs/samples/p3-rate-limit-57.json"
"58","200","15","docs/samples/p3-rate-limit-58.headers.txt","docs/samples/p3-rate-limit-58.json"
"59","200","15","docs/samples/p3-rate-limit-59.headers.txt","docs/samples/p3-rate-limit-59.json"
"60","200","15","docs/samples/p3-rate-limit-60.headers.txt","docs/samples/p3-rate-limit-60.json"
"61","200","15","docs/samples/p3-rate-limit-61.headers.txt","docs/samples/p3-rate-limit-61.json"
"62","200","15","docs/samples/p3-rate-limit-62.headers.txt","docs/samples/p3-rate-limit-62.json"
"63","200","15","docs/samples/p3-rate-limit-63.headers.txt","docs/samples/p3-rate-limit-63.json"
"64","200","15","docs/samples/p3-rate-limit-64.headers.txt","docs/samples/p3-rate-limit-64.json"
"65","200","14","docs/samples/p3-rate-limit-65.headers.txt","docs/samples/p3-rate-limit-65.json"
"66","200","14","docs/samples/p3-rate-limit-66.headers.txt","docs/samples/p3-rate-limit-66.json"
"67","200","14","docs/samples/p3-rate-limit-67.headers.txt","docs/samples/p3-rate-limit-67.json"
"68","200","14","docs/samples/p3-rate-limit-68.headers.txt","docs/samples/p3-rate-limit-68.json"
"69","200","14","docs/samples/p3-rate-limit-69.headers.txt","docs/samples/p3-rate-limit-69.json"
"70","200","15","docs/samples/p3-rate-limit-70.headers.txt","docs/samples/p3-rate-limit-70.json"
"71","200","15","docs/samples/p3-rate-limit-71.headers.txt","docs/samples/p3-rate-limit-71.json"
"72","200","14","docs/samples/p3-rate-limit-72.headers.txt","docs/samples/p3-rate-limit-72.json"
"73","200","14","docs/samples/p3-rate-limit-73.headers.txt","docs/samples/p3-rate-limit-73.json"
"74","200","14","docs/samples/p3-rate-limit-74.headers.txt","docs/samples/p3-rate-limit-74.json"
"75","200","15","docs/samples/p3-rate-limit-75.headers.txt","docs/samples/p3-rate-limit-75.json"
"76","200","15","docs/samples/p3-rate-limit-76.headers.txt","docs/samples/p3-rate-limit-76.json"
"77","200","15","docs/samples/p3-rate-limit-77.headers.txt","docs/samples/p3-rate-limit-77.json"
"78","200","15","docs/samples/p3-rate-limit-78.headers.txt","docs/samples/p3-rate-limit-78.json"
"79","200","14","docs/samples/p3-rate-limit-79.headers.txt","docs/samples/p3-rate-limit-79.json"
"80","200","14","docs/samples/p3-rate-limit-80.headers.txt","docs/samples/p3-rate-limit-80.json"
"81","200","14","docs/samples/p3-rate-limit-81.headers.txt","docs/samples/p3-rate-limit-81.json"
"82","200","14","docs/samples/p3-rate-limit-82.headers.txt","docs/samples/p3-rate-limit-82.json"
"83","200","14","docs/samples/p3-rate-limit-83.headers.txt","docs/samples/p3-rate-limit-83.json"
"84","200","14","docs/samples/p3-rate-limit-84.headers.txt","docs/samples/p3-rate-limit-84.json"
"85","200","15","docs/samples/p3-rate-limit-85.headers.txt","docs/samples/p3-rate-limit-85.json"
"86","200","15","docs/samples/p3-rate-limit-86.headers.txt","docs/samples/p3-rate-limit-86.json"
"87","200","16","docs/samples/p3-rate-limit-87.headers.txt","docs/samples/p3-rate-limit-87.json"
"88","200","16","docs/samples/p3-rate-limit-88.headers.txt","docs/samples/p3-rate-limit-88.json"
"89","200","16","docs/samples/p3-rate-limit-89.headers.txt","docs/samples/p3-rate-limit-89.json"
"90","200","16","docs/samples/p3-rate-limit-90.headers.txt","docs/samples/p3-rate-limit-90.json"
"91","200","16","docs/samples/p3-rate-limit-91.headers.txt","docs/samples/p3-rate-limit-91.json"
"92","200","16","docs/samples/p3-rate-limit-92.headers.txt","docs/samples/p3-rate-limit-92.json"
"93","200","15","docs/samples/p3-rate-limit-93.headers.txt","docs/samples/p3-rate-limit-93.json"
"94","200","14","docs/samples/p3-rate-limit-94.headers.txt","docs/samples/p3-rate-limit-94.json"
"95","200","13","docs/samples/p3-rate-limit-95.headers.txt","docs/samples/p3-rate-limit-95.json"
"96","200","12","docs/samples/p3-rate-limit-96.headers.txt","docs/samples/p3-rate-limit-96.json"
"97","200","11","docs/samples/p3-rate-limit-97.headers.txt","docs/samples/p3-rate-limit-97.json"
"98","200","10","docs/samples/p3-rate-limit-98.headers.txt","docs/samples/p3-rate-limit-98.json"
"99","200","11","docs/samples/p3-rate-limit-99.headers.txt","docs/samples/p3-rate-limit-99.json"
"100","200","11","docs/samples/p3-rate-limit-100.headers.txt","docs/samples/p3-rate-limit-100.json"
"101","200","11","docs/samples/p3-rate-limit-101.headers.txt","docs/samples/p3-rate-limit-101.json"
"102","200","10","docs/samples/p3-rate-limit-102.headers.txt","docs/samples/p3-rate-limit-102.json"
"103","200","11","docs/samples/p3-rate-limit-103.headers.txt","docs/samples/p3-rate-limit-103.json"
"104","200","11","docs/samples/p3-rate-limit-104.headers.txt","docs/samples/p3-rate-limit-104.json"
"105","200","11","docs/samples/p3-rate-limit-105.headers.txt","docs/samples/p3-rate-limit-105.json"
"106","200","11","docs/samples/p3-rate-limit-106.headers.txt","docs/samples/p3-rate-limit-106.json"
"107","200","11","docs/samples/p3-rate-limit-107.headers.txt","docs/samples/p3-rate-limit-107.json"
"108","200","11","docs/samples/p3-rate-limit-108.headers.txt","docs/samples/p3-rate-limit-108.json"
"109","200","11","docs/samples/p3-rate-limit-109.headers.txt","docs/samples/p3-rate-limit-109.json"
"110","200","11","docs/samples/p3-rate-limit-110.headers.txt","docs/samples/p3-rate-limit-110.json"
"111","200","10","docs/samples/p3-rate-limit-111.headers.txt","docs/samples/p3-rate-limit-111.json"
"112","200","10","docs/samples/p3-rate-limit-112.headers.txt","docs/samples/p3-rate-limit-112.json"
"113","200","10","docs/samples/p3-rate-limit-113.headers.txt","docs/samples/p3-rate-limit-113.json"
"114","200","10","docs/samples/p3-rate-limit-114.headers.txt","docs/samples/p3-rate-limit-114.json"
"115","200","11","docs/samples/p3-rate-limit-115.headers.txt","docs/samples/p3-rate-limit-115.json"
"116","200","11","docs/samples/p3-rate-limit-116.headers.txt","docs/samples/p3-rate-limit-116.json"
"117","200","10","docs/samples/p3-rate-limit-117.headers.txt","docs/samples/p3-rate-limit-117.json"
"118","200","10","docs/samples/p3-rate-limit-118.headers.txt","docs/samples/p3-rate-limit-118.json"
"119","200","11","docs/samples/p3-rate-limit-119.headers.txt","docs/samples/p3-rate-limit-119.json"
"120","200","11","docs/samples/p3-rate-limit-120.headers.txt","docs/samples/p3-rate-limit-120.json"
